thisN,thisTrialN,thisRepN,key_resp.keys,key_resp.corr,key_resp.rt,key_resp.duration,tilt,trials.thisRepN,trials.thisTrialN,trials.thisN,trials.thisIndex,thisRow.t,notes,trial.started,Fixation.started,key_resp.started,Fixation.stopped,trial.stopped,trials.key_resp.keys,trials.key_resp.corr,trials.key_resp.rt,trials.key_resp.duration,trials.tilt,participant,session,date,expName,expVersion,psychopyVersion,frameRate,expStart,
0,0,0,up,1,0.00026390000039100414,None,0,0,0,0,0,0.025223300000106974,,0.014469400000052701,0.025223300000106974,1.0137683000002653,1.0283955000004426,1.127013799999986,up,1,0.00026390000039100414,None,0,Participant-1,"001",2025-09-05_16h11.49.447,signal_detection,,2025.2.0,134.71678490390195,2025-09-05 16h11.49.482441 +0530,
1,0,1,up,0,0.6036041000006662,None,4,1,0,1,0,1.138400300000285,,1.12734300000011,1.138400300000285,2.1231988999998066,2.130235300000095,2.732085900000129,up,0,0.6036041000006662,None,4,Participant-1,"001",2025-09-05_16h11.49.447,signal_detection,,2025.2.0,134.71678490390195,2025-09-05 16h11.49.482441 +0530,
2,0,2,up,1,0.6912658999999621,None,0,2,0,2,0,2.738962299999912,,2.7323143000003256,2.738962299999912,3.722599800000353,3.729872900000373,4.417178700000477,up,1,0.6912658999999621,None,0,Participant-1,"001",2025-09-05_16h11.49.447,signal_detection,,2025.2.0,134.71678490390195,2025-09-05 16h11.49.482441 +0530,
3,0,3,up,0,3.919579999999769,None,-3,3,0,3,0,4.424416100000599,,4.417448600000171,4.424416100000599,5.4084499000000505,5.415679600000658,9.328483700000106,up,0,3.919579999999769,None,-3,Participant-1,"001",2025-09-05_16h11.49.447,signal_detection,,2025.2.0,134.71678490390195,2025-09-05 16h11.49.482441 +0530,
4,0,4,up,1,0.8437511000001905,None,0,4,0,4,0,9.33543490000011,,9.328742100000454,9.33543490000011,10.320524800000385,10.32793649999985,11.165677800000594,up,1,0.8437511000001905,None,0,Participant-1,"001",2025-09-05_16h11.49.447,signal_detection,,2025.2.0,134.71678490390195,2025-09-05 16h11.49.482441 +0530,
5,0,5,up,0,0.14463719999912428,None,1,5,0,5,0,11.172933900000316,,11.165940599999885,11.172933900000316,12.160821299999952,12.168174700000236,12.306135499999982,up,0,0.14463719999912428,None,1,Participant-1,"001",2025-09-05_16h11.49.447,signal_detection,,2025.2.0,134.71678490390195,2025-09-05 16h11.49.482441 +0530,
6,0,6,up,1,0.9352348000002166,None,0,6,0,6,0,12.313143100000161,,12.306394799999907,12.313143100000161,13.299075800000537,13.306347300000198,14.238541499999883,up,1,0.9352348000002166,None,0,Participant-1,"001",2025-09-05_16h11.49.447,signal_detection,,2025.2.0,134.71678490390195,2025-09-05 16h11.49.482441 +0530,
7,0,7,up,0,0.7313532999996823,None,4,7,0,7,0,14.245839799999885,,14.238925100000415,14.245839799999885,15.232522700000118,15.239907799999855,15.965382299999874,up,0,0.7313532999996823,None,4,Participant-1,"001",2025-09-05_16h11.49.447,signal_detection,,2025.2.0,134.71678490390195,2025-09-05 16h11.49.482441 +0530,
8,0,8,down,0,1.2049740000002203,None,0,8,0,8,0,15.97230320000017,,15.965608500000599,15.97230320000017,16.958028000000013,16.964299400000527,18.169047800000044,down,0,1.2049740000002203,None,0,Participant-1,"001",2025-09-05_16h11.49.447,signal_detection,,2025.2.0,134.71678490390195,2025-09-05 16h11.49.482441 +0530,
9,0,9,down,1,0.8409044999998514,None,-5,9,0,9,0,18.17753189999985,,18.169415700000172,18.17753189999985,19.165707600000133,19.173598700000184,20.00873430000047,down,1,0.8409044999998514,None,-5,Participant-1,"001",2025-09-05_16h11.49.447,signal_detection,,2025.2.0,134.71678490390195,2025-09-05 16h11.49.482441 +0530,
10,0,10,up,1,0.6190889999998035,None,0,10,0,10,0,20.016053700000157,,20.00907780000034,20.016053700000157,20.99979010000061,21.006905899999765,21.623244899999918,up,1,0.6190889999998035,None,0,Participant-1,"001",2025-09-05_16h11.49.447,signal_detection,,2025.2.0,134.71678490390195,2025-09-05 16h11.49.482441 +0530,
11,0,11,up,1,0.711796399999912,None,0,11,0,11,0,21.630089500000395,,21.623520300000564,21.630089500000395,22.618512800000644,22.626045400000294,23.33388449999984,up,1,0.711796399999912,None,0,Participant-1,"001",2025-09-05_16h11.49.447,signal_detection,,2025.2.0,134.71678490390195,2025-09-05 16h11.49.482441 +0530,
12,0,12,down,1,0.5455751000008604,None,-4,12,0,12,0,23.34145830000034,,23.334343600000466,23.34145830000034,24.330052100000103,24.337125500000184,24.877191200000198,down,1,0.5455751000008604,None,-4,Participant-1,"001",2025-09-05_16h11.49.447,signal_detection,,2025.2.0,134.71678490390195,2025-09-05 16h11.49.482441 +0530,
13,0,13,down,1,0.7414020000005621,None,-5,13,0,13,0,24.884174700000585,,24.877446999999847,24.884174700000585,25.873570599999766,25.880918900000324,26.619447300000502,down,1,0.7414020000005621,None,-5,Participant-1,"001",2025-09-05_16h11.49.447,signal_detection,,2025.2.0,134.71678490390195,2025-09-05 16h11.49.482441 +0530,
14,0,14,up,1,0.6610801999995601,None,0,14,0,14,0,26.62761970000065,,26.619747499999903,26.62761970000065,27.612507599999844,27.619542100000217,28.275708699999996,up,1,0.6610801999995601,None,0,Participant-1,"001",2025-09-05_16h11.49.447,signal_detection,,2025.2.0,134.71678490390195,2025-09-05 16h11.49.482441 +0530,
15,0,15,down,0,1.1650492999997368,None,0,15,0,15,0,28.282897799999773,,28.276015100000222,28.282897799999773,29.270857000000433,29.278130200000305,30.439969200000633,down,0,1.1650492999997368,None,0,Participant-1,"001",2025-09-05_16h11.49.447,signal_detection,,2025.2.0,134.71678490390195,2025-09-05 16h11.49.482441 +0530,
16,0,16,up,0,0.5860839000006308,None,2,16,0,16,0,30.44699050000054,,30.440285600000607,30.44699050000054,31.432318600000144,31.44001339999977,32.01913380000042,up,0,0.5860839000006308,None,2,Participant-1,"001",2025-09-05_16h11.49.447,signal_detection,,2025.2.0,134.71678490390195,2025-09-05 16h11.49.482441 +0530,
17,0,17,up,0,0.7210629000001063,None,-5,17,0,17,0,32.02611919999981,,32.0195076,32.02611919999981,33.01426510000056,33.02243180000005,33.73612150000008,up,0,0.7210629000001063,None,-5,Participant-1,"001",2025-09-05_16h11.49.447,signal_detection,,2025.2.0,134.71678490390195,2025-09-05 16h11.49.482441 +0530,
18,0,18,up,1,0.5759330999999293,None,0,18,0,18,0,33.74204000000009,,33.73639580000054,33.74204000000009,34.73118669999985,34.73898559999998,35.31143549999979,up,1,0.5759330999999293,None,0,Participant-1,"001",2025-09-05_16h11.49.447,signal_detection,,2025.2.0,134.71678490390195,2025-09-05 16h11.49.482441 +0530,
19,0,19,down,0,0.4204134999999951,None,0,19,0,19,0,35.319814500000575,,35.31181379999998,35.319814500000575,36.3023204000001,36.30993750000016,36.72703300000012,down,0,0.4204134999999951,None,0,Participant-1,"001",2025-09-05_16h11.49.447,signal_detection,,2025.2.0,134.71678490390195,2025-09-05 16h11.49.482441 +0530,
20,0,20,up,1,0.6748054999998203,None,0,20,0,20,0,36.733510099999876,,36.72737280000001,36.733510099999876,37.71638679999978,37.723515800000314,38.39882170000055,up,1,0.6748054999998203,None,0,Participant-1,"001",2025-09-05_16h11.49.447,signal_detection,,2025.2.0,134.71678490390195,2025-09-05 16h11.49.482441 +0530,
21,0,21,up,1,0.3520083000003069,None,0,21,0,21,0,38.40517910000017,,38.399163000000044,38.40517910000017,39.38933799999995,39.39635689999977,39.74419120000039,up,1,0.3520083000003069,None,0,Participant-1,"001",2025-09-05_16h11.49.447,signal_detection,,2025.2.0,134.71678490390195,2025-09-05 16h11.49.482441 +0530,
22,0,22,up,0,0.5318256999998994,None,1,22,0,22,0,39.7514783000006,,39.744463500000165,39.7514783000006,40.73509130000002,40.74319999999989,41.26914339999985,up,0,0.5318256999998994,None,1,Participant-1,"001",2025-09-05_16h11.49.447,signal_detection,,2025.2.0,134.71678490390195,2025-09-05 16h11.49.482441 +0530,
23,0,23,up,1,0.4485475999999835,None,0,23,0,23,0,41.276425900000504,,41.269460000000436,41.276425900000504,42.26035950000005,42.26813829999992,42.70995949999997,up,1,0.4485475999999835,None,0,Participant-1,"001",2025-09-05_16h11.49.447,signal_detection,,2025.2.0,134.71678490390195,2025-09-05 16h11.49.482441 +0530,
24,0,24,down,1,0.5296525000003385,None,4,24,0,24,0,42.71666390000064,,42.71023830000013,42.71666390000064,43.70487469999989,43.71175690000018,44.2353135000003,down,1,0.5296525000003385,None,4,Participant-1,"001",2025-09-05_16h11.49.447,signal_detection,,2025.2.0,134.71678490390195,2025-09-05 16h11.49.482441 +0530,
25,0,25,up,1,0.5238334999994549,None,0,25,0,25,0,44.24160050000046,,44.23548430000028,44.24160050000046,45.229172800000015,45.23649860000023,45.75391740000032,up,1,0.5238334999994549,None,0,Participant-1,"001",2025-09-05_16h11.49.447,signal_detection,,2025.2.0,134.71678490390195,2025-09-05 16h11.49.482441 +0530,
26,0,26,up,1,0.5073824000000968,None,0,26,0,26,0,45.75905650000004,,45.754185900000266,45.75905650000004,46.74999630000002,46.74999630000002,47.257944699999825,up,1,0.5073824000000968,None,0,Participant-1,"001",2025-09-05_16h11.49.447,signal_detection,,2025.2.0,134.71678490390195,2025-09-05 16h11.49.482441 +0530,
27,0,27,up,0,0.4130943999998635,None,1,27,0,27,0,47.26597380000021,,47.2581723000003,47.26597380000021,48.25171970000065,48.25895750000018,48.6729406000004,up,0,0.4130943999998635,None,1,Participant-1,"001",2025-09-05_16h11.49.447,signal_detection,,2025.2.0,134.71678490390195,2025-09-05 16h11.49.482441 +0530,
28,0,28,up,1,0.5203480999998646,None,0,28,0,28,0,48.6796218999998,,48.67315099999996,48.6796218999998,49.663403200000175,49.67051320000064,50.19191110000065,up,1,0.5203480999998646,None,0,Participant-1,"001",2025-09-05_16h11.49.447,signal_detection,,2025.2.0,134.71678490390195,2025-09-05 16h11.49.482441 +0530,
29,0,29,down,1,0.7115835000004154,None,-3,29,0,29,0,50.198490599999786,,50.192142500000045,50.198490599999786,51.183514899999864,51.190677499999765,51.89842580000004,down,1,0.7115835000004154,None,-3,Participant-1,"001",2025-09-05_16h11.49.447,signal_detection,,2025.2.0,134.71678490390195,2025-09-05 16h11.49.482441 +0530,
30,0,30,down,1,0.7560361000005287,None,3,30,0,30,0,51.90613040000062,,51.89891549999993,51.90613040000062,52.88881720000063,52.8965005,53.64845289999994,down,1,0.7560361000005287,None,3,Participant-1,"001",2025-09-05_16h11.49.447,signal_detection,,2025.2.0,134.71678490390195,2025-09-05 16h11.49.482441 +0530,
31,0,31,down,1,3.6548460000003615,None,4,31,0,31,0,53.65460390000044,,53.64881950000017,53.65460390000044,54.6404192,54.64770050000061,58.29719280000063,down,1,3.6548460000003615,None,4,Participant-1,"001",2025-09-05_16h11.49.447,signal_detection,,2025.2.0,134.71678490390195,2025-09-05 16h11.49.482441 +0530,
32,0,32,up,0,0.6763629000006404,None,-5,32,0,32,0,58.30458400000043,,58.297442500000216,58.30458400000043,59.2933038000001,59.302592099999856,59.97395779999988,up,0,0.6763629000006404,None,-5,Participant-1,"001",2025-09-05_16h11.49.447,signal_detection,,2025.2.0,134.71678490390195,2025-09-05 16h11.49.482441 +0530,
33,0,33,up,1,0.8759021000005305,None,0,33,0,33,0,59.98150799999985,,59.97429550000015,59.98150799999985,60.969630900000084,60.977267700000084,61.8485711000003,up,1,0.8759021000005305,None,0,Participant-1,"001",2025-09-05_16h11.49.447,signal_detection,,2025.2.0,134.71678490390195,2025-09-05 16h11.49.482441 +0530,
34,0,34,down,1,0.702512900000329,None,-5,34,0,34,0,61.85595040000044,,61.849001900000076,61.85595040000044,62.840106300000116,62.84769630000028,63.551295799999934,down,1,0.702512900000329,None,-5,Participant-1,"001",2025-09-05_16h11.49.447,signal_detection,,2025.2.0,134.71678490390195,2025-09-05 16h11.49.482441 +0530,
35,0,35,up,1,0.8381930999994438,None,0,35,0,35,0,63.55853250000018,,63.55170890000045,63.55853250000018,64.54883370000061,64.54883370000061,65.39211740000064,up,1,0.8381930999994438,None,0,Participant-1,"001",2025-09-05_16h11.49.447,signal_detection,,2025.2.0,134.71678490390195,2025-09-05 16h11.49.482441 +0530,
36,0,36,down,1,0.7370148999998491,None,3,36,0,36,0,65.39879550000023,,65.39237539999976,65.39879550000023,66.38863990000027,66.3963859000005,67.13091290000011,down,1,0.7370148999998491,None,3,Participant-1,"001",2025-09-05_16h11.49.447,signal_detection,,2025.2.0,134.71678490390195,2025-09-05 16h11.49.482441 +0530,
37,0,37,up,1,0.69424379999964,None,0,37,0,37,0,67.13843090000046,,67.13129190000018,67.13843090000046,68.12398639999992,68.13107039999977,68.82568189999984,up,1,0.69424379999964,None,0,Participant-1,"001",2025-09-05_16h11.49.447,signal_detection,,2025.2.0,134.71678490390195,2025-09-05 16h11.49.482441 +0530,
38,0,38,down,1,0.7997982000006232,None,-2,38,0,38,0,68.83269230000042,,68.82595800000036,68.83269230000042,69.81697840000015,69.8241192000005,70.62024329999986,down,1,0.7997982000006232,None,-2,Participant-1,"001",2025-09-05_16h11.49.447,signal_detection,,2025.2.0,134.71678490390195,2025-09-05 16h11.49.482441 +0530,
39,0,39,up,0,0.5667559000003166,None,3,39,0,39,0,70.62741020000067,,70.62060400000064,70.62741020000067,71.61472940000021,71.62234340000032,72.1887228000005,up,0,0.5667559000003166,None,3,Participant-1,"001",2025-09-05_16h11.49.447,signal_detection,,2025.2.0,134.71678490390195,2025-09-05 16h11.49.482441 +0530,
40,0,40,up,1,0.6121270999992703,None,0,40,0,40,0,72.19619180000063,,72.18909570000051,72.19619180000063,73.18170860000009,73.1894972,73.79851940000026,up,1,0.6121270999992703,None,0,Participant-1,"001",2025-09-05_16h11.49.447,signal_detection,,2025.2.0,134.71678490390195,2025-09-05 16h11.49.482441 +0530,
41,0,41,up,1,0.4228965000002063,None,0,41,0,41,0,73.80545489999986,,73.79877440000018,73.80545489999986,74.79039920000014,74.79839100000027,75.2214528000004,up,1,0.4228965000002063,None,0,Participant-1,"001",2025-09-05_16h11.49.447,signal_detection,,2025.2.0,134.71678490390195,2025-09-05 16h11.49.482441 +0530,
42,0,42,up,0,2.6072201000006316,None,-5,42,0,42,0,75.22826780000014,,75.2217939000002,75.22826780000014,76.21606810000048,76.22307180000007,78.82613170000059,up,0,2.6072201000006316,None,-5,Participant-1,"001",2025-09-05_16h11.49.447,signal_detection,,2025.2.0,134.71678490390195,2025-09-05 16h11.49.482441 +0530,
43,0,43,up,0,0.7682467000004181,None,1,43,0,43,0,78.83376060000046,,78.8265121000004,78.83376060000046,79.82141980000051,79.82902290000038,80.59752230000049,up,0,0.7682467000004181,None,1,Participant-1,"001",2025-09-05_16h11.49.447,signal_detection,,2025.2.0,134.71678490390195,2025-09-05 16h11.49.482441 +0530,
44,0,44,up,0,0.38516119999985676,None,2,44,0,44,0,80.60494440000002,,80.59786990000066,80.60494440000002,81.5898987999999,81.59735120000005,81.98130050000054,up,0,0.38516119999985676,None,2,Participant-1,"001",2025-09-05_16h11.49.447,signal_detection,,2025.2.0,134.71678490390195,2025-09-05 16h11.49.482441 +0530,
45,0,45,down,1,0.5111742999997659,None,1,45,0,45,0,81.98904440000024,,81.9816695999998,81.98904440000024,82.97740740000063,82.98482419999982,83.48999559999993,down,1,0.5111742999997659,None,1,Participant-1,"001",2025-09-05_16h11.49.447,signal_detection,,2025.2.0,134.71678490390195,2025-09-05 16h11.49.482441 +0530,
46,0,46,down,1,3.4420430999998644,None,-4,46,0,46,0,83.49679930000002,,83.49024760000066,83.49679930000002,84.48398859999998,84.49134640000011,87.9325773999999,down,1,3.4420430999998644,None,-4,Participant-1,"001",2025-09-05_16h11.49.447,signal_detection,,2025.2.0,134.71678490390195,2025-09-05 16h11.49.482441 +0530,
47,0,47,up,1,1.9511621999999988,None,0,47,0,47,0,87.94010100000014,,87.93285600000036,87.94010100000014,88.92655999999988,88.93399760000011,90.88339670000005,up,1,1.9511621999999988,None,0,Participant-1,"001",2025-09-05_16h11.49.447,signal_detection,,2025.2.0,134.71678490390195,2025-09-05 16h11.49.482441 +0530,
48,0,48,up,1,0.07776949999970384,None,0,48,0,48,0,90.89067429999977,,90.88387590000002,90.89067429999977,91.87371729999995,91.88048070000059,91.95258939999985,up,1,0.07776949999970384,None,0,Participant-1,"001",2025-09-05_16h11.49.447,signal_detection,,2025.2.0,134.71678490390195,2025-09-05 16h11.49.482441 +0530,
49,0,49,up,1,0.3691564999999173,None,0,49,0,49,0,91.9597076,,91.95284989999982,91.9597076,92.94402460000038,92.95160180000039,93.3200612999999,up,1,0.3691564999999173,None,0,Participant-1,"001",2025-09-05_16h11.49.447,signal_detection,,2025.2.0,134.71678490390195,2025-09-05 16h11.49.482441 +0530,
50,0,50,down,0,0.25289539999994304,None,0,50,0,50,0,93.3276034999999,,93.32038780000039,93.3276034999999,94.31625880000047,94.32338330000039,94.57047500000044,down,0,0.25289539999994304,None,0,Participant-1,"001",2025-09-05_16h11.49.447,signal_detection,,2025.2.0,134.71678490390195,2025-09-05 16h11.49.482441 +0530,
51,0,51,up,0,1.7530919000000722,None,2,51,0,51,0,94.5776190000006,,94.57074430000011,94.5776190000006,95.56457110000065,95.57206760000008,97.31983670000045,up,0,1.7530919000000722,None,2,Participant-1,"001",2025-09-05_16h11.49.447,signal_detection,,2025.2.0,134.71678490390195,2025-09-05 16h11.49.482441 +0530,
52,0,52,up,0,0.015439499999956752,None,-2,52,0,52,0,97.32780379999986,,97.32008970000061,97.32780379999986,98.31251049999992,98.3198124999999,98.33374120000008,up,0,0.015439499999956752,None,-2,Participant-1,"001",2025-09-05_16h11.49.447,signal_detection,,2025.2.0,134.71678490390195,2025-09-05 16h11.49.482441 +0530,
53,0,53,up,1,0.12861290000000736,None,0,53,0,53,0,98.33936230000018,,98.33401790000062,98.33936230000018,99.32904690000032,99.33621610000046,99.45831210000051,up,1,0.12861290000000736,None,0,Participant-1,"001",2025-09-05_16h11.49.447,signal_detection,,2025.2.0,134.71678490390195,2025-09-05 16h11.49.482441 +0530,
54,0,54,down,0,1.8876512000006187,None,0,54,0,54,0,99.46529439999995,,99.4585504000006,99.46529439999995,100.45158090000041,100.45882940000047,102.34080919999997,down,0,1.8876512000006187,None,0,Participant-1,"001",2025-09-05_16h11.49.447,signal_detection,,2025.2.0,134.71678490390195,2025-09-05 16h11.49.482441 +0530,
55,0,55,down,0,0.7834605999996711,None,0,55,0,55,0,102.34829660000014,,102.34118649999982,102.34829660000014,103.33732430000055,103.34483499999988,104.12341759999981,down,0,0.7834605999996711,None,0,Participant-1,"001",2025-09-05_16h11.49.447,signal_detection,,2025.2.0,134.71678490390195,2025-09-05 16h11.49.482441 +0530,
56,0,56,up,0,1.271256799999719,None,-3,56,0,56,0,104.13100940000004,,104.12378320000062,104.13100940000004,105.11861469999985,105.12610339999992,106.39285710000058,up,0,1.271256799999719,None,-3,Participant-1,"001",2025-09-05_16h11.49.447,signal_detection,,2025.2.0,134.71678490390195,2025-09-05 16h11.49.482441 +0530,
57,0,57,up,1,0.8362766000000192,None,0,57,0,57,0,106.40005500000007,,106.3931849999999,106.40005500000007,107.38371520000055,107.39080970000032,108.22509549999995,up,1,0.8362766000000192,None,0,Participant-1,"001",2025-09-05_16h11.49.447,signal_detection,,2025.2.0,134.71678490390195,2025-09-05 16h11.49.482441 +0530,
58,0,58,up,1,0.6587739999995392,None,0,58,0,58,0,108.23271810000006,,108.22536360000049,108.23271810000006,109.21900230000028,109.22635600000012,109.88154010000017,up,1,0.6587739999995392,None,0,Participant-1,"001",2025-09-05_16h11.49.447,signal_detection,,2025.2.0,134.71678490390195,2025-09-05 16h11.49.482441 +0530,
59,0,59,down,1,0.7754310999998779,None,-4,59,0,59,0,109.8897520999999,,109.88191790000019,109.8897520999999,110.87292119999984,110.88031200000023,111.65186499999982,down,1,0.7754310999998779,None,-4,Participant-1,"001",2025-09-05_16h11.49.447,signal_detection,,2025.2.0,134.71678490390195,2025-09-05 16h11.49.482441 +0530,
60,0,60,down,0,1.6372740999995585,None,0,60,0,60,0,111.65916840000045,,111.65225590000045,111.65916840000045,112.64597980000053,112.65350230000058,114.28619190000063,down,0,1.6372740999995585,None,0,Participant-1,"001",2025-09-05_16h11.49.447,signal_detection,,2025.2.0,134.71678490390195,2025-09-05 16h11.49.482441 +0530,
61,0,61,down,1,0.7829130000000077,None,-5,61,0,61,0,114.2938393000004,,114.2865367000004,114.2938393000004,115.27903220000007,115.28630840000005,116.06876660000034,down,1,0.7829130000000077,None,-5,Participant-1,"001",2025-09-05_16h11.49.447,signal_detection,,2025.2.0,134.71678490390195,2025-09-05 16h11.49.482441 +0530,
62,0,62,up,0,0.6724282999994102,None,-4,62,0,62,0,116.07617190000019,,116.06903300000067,116.07617190000019,117.06136510000033,117.06888760000038,117.7383206000004,up,0,0.6724282999994102,None,-4,Participant-1,"001",2025-09-05_16h11.49.447,signal_detection,,2025.2.0,134.71678490390195,2025-09-05 16h11.49.482441 +0530,
63,0,63,up,1,0.5667703999997684,None,0,63,0,63,0,117.74536489999991,,117.73855530000037,117.74536489999991,118.73555020000003,118.74252299999989,119.3086371999998,up,1,0.5667703999997684,None,0,Participant-1,"001",2025-09-05_16h11.49.447,signal_detection,,2025.2.0,134.71678490390195,2025-09-05 16h11.49.482441 +0530,
64,0,64,up,0,0.9032287999998516,None,-3,64,0,64,0,119.31630850000056,,119.3090243000006,119.31630850000056,120.30053170000065,120.30807600000026,121.20825400000012,up,0,0.9032287999998516,None,-3,Participant-1,"001",2025-09-05_16h11.49.447,signal_detection,,2025.2.0,134.71678490390195,2025-09-05 16h11.49.482441 +0530,
65,0,65,up,1,0.47691020000002027,None,0,65,0,65,0,121.21606909999991,,121.20859120000023,121.21606909999991,122.1995981,122.20737790000021,122.68365970000013,up,1,0.47691020000002027,None,0,Participant-1,"001",2025-09-05_16h11.49.447,signal_detection,,2025.2.0,134.71678490390195,2025-09-05 16h11.49.482441 +0530,
66,0,66,up,0,0.5534030000007988,None,4,66,0,66,0,122.69082200000048,,122.68399540000064,122.69082200000048,123.6789974000003,123.68653799999993,124.23423540000022,up,0,0.5534030000007988,None,4,Participant-1,"001",2025-09-05_16h11.49.447,signal_detection,,2025.2.0,134.71678490390195,2025-09-05 16h11.49.482441 +0530,
67,0,67,up,0,0.5327457000003051,None,-4,67,0,67,0,124.24171209999986,,124.23441920000005,124.24171209999986,125.22590940000009,125.23388179999984,125.76495599999998,up,0,0.5327457000003051,None,-4,Participant-1,"001",2025-09-05_16h11.49.447,signal_detection,,2025.2.0,134.71678490390195,2025-09-05 16h11.49.482441 +0530,
68,0,68,down,1,0.5019206999995731,None,4,68,0,68,0,125.77187480000066,,125.76522740000019,125.77187480000066,126.75813319999997,126.7658419999998,127.26808729999993,down,1,0.5019206999995731,None,4,Participant-1,"001",2025-09-05_16h11.49.447,signal_detection,,2025.2.0,134.71678490390195,2025-09-05 16h11.49.482441 +0530,
69,0,69,up,1,0.6405531999998857,None,0,69,0,69,0,127.27543820000028,,127.26878540000052,127.27543820000028,128.2626651999999,128.2702407000006,128.90634480000062,up,1,0.6405531999998857,None,0,Participant-1,"001",2025-09-05_16h11.49.447,signal_detection,,2025.2.0,134.71678490390195,2025-09-05 16h11.49.482441 +0530,
70,0,70,down,1,0.6390315000007831,None,-2,70,0,70,0,128.9134442000004,,128.90666860000056,128.9134442000004,129.90229400000044,129.90957489999982,130.54278410000006,down,1,0.6390315000007831,None,-2,Participant-1,"001",2025-09-05_16h11.49.447,signal_detection,,2025.2.0,134.71678490390195,2025-09-05 16h11.49.482441 +0530,
71,0,71,up,1,0.8703279000001203,None,0,71,0,71,0,130.55147860000034,,130.54313920000004,130.55147860000034,131.53534350000064,131.54370319999998,132.4074472000002,up,1,0.8703279000001203,None,0,Participant-1,"001",2025-09-05_16h11.49.447,signal_detection,,2025.2.0,134.71678490390195,2025-09-05 16h11.49.482441 +0530,
72,0,72,up,1,0.36355770000045595,None,0,72,0,72,0,132.41452310000022,,132.4077971000006,132.41452310000022,133.40084690000003,133.40801040000042,133.76899649999996,up,1,0.36355770000045595,None,0,Participant-1,"001",2025-09-05_16h11.49.447,signal_detection,,2025.2.0,134.71678490390195,2025-09-05 16h11.49.482441 +0530,
73,0,73,down,1,0.5862653000003775,None,-4,73,0,73,0,133.7765414000005,,133.7693637000002,133.7765414000005,134.76274660000036,134.77008250000017,135.35188090000065,down,1,0.5862653000003775,None,-4,Participant-1,"001",2025-09-05_16h11.49.447,signal_detection,,2025.2.0,134.71678490390195,2025-09-05 16h11.49.482441 +0530,
74,0,74,down,0,0.7146369000001869,None,0,74,0,74,0,135.35923189999994,,135.35217910000028,135.35923189999994,136.34228249999978,136.34990449999987,137.0623540000006,down,0,0.7146369000001869,None,0,Participant-1,"001",2025-09-05_16h11.49.447,signal_detection,,2025.2.0,134.71678490390195,2025-09-05 16h11.49.482441 +0530,
75,0,75,up,1,0.1661312000005637,None,0,75,0,75,0,137.06986870000037,,137.06265910000002,137.06986870000037,138.05214570000044,138.06653340000048,138.22326740000062,up,1,0.1661312000005637,None,0,Participant-1,"001",2025-09-05_16h11.49.447,signal_detection,,2025.2.0,134.71678490390195,2025-09-05 16h11.49.482441 +0530,
76,0,76,up,0,0.40225529999952414,None,2,76,0,76,0,138.2302083000004,,138.22359349999988,138.2302083000004,139.21799640000063,139.22520840000016,139.62235950000013,up,0,0.40225529999952414,None,2,Participant-1,"001",2025-09-05_16h11.49.447,signal_detection,,2025.2.0,134.71678490390195,2025-09-05 16h11.49.482441 +0530,
77,0,77,down,0,0.1510043999996924,None,0,77,0,77,0,139.629594,,139.62270910000007,139.629594,140.61838210000042,140.6260054000004,140.77013080000052,down,0,0.1510043999996924,None,0,Participant-1,"001",2025-09-05_16h11.49.447,signal_detection,,2025.2.0,134.71678490390195,2025-09-05 16h11.49.482441 +0530,
78,0,78,up,0,0.38683209999999235,None,-4,78,0,78,0,140.77697510000053,,140.77045280000038,140.77697510000053,141.76719950000006,141.76719950000006,142.1581838000002,up,0,0.38683209999999235,None,-4,Participant-1,"001",2025-09-05_16h11.49.447,signal_detection,,2025.2.0,134.71678490390195,2025-09-05 16h11.49.482441 +0530,
79,0,79,down,0,0.34489029999986087,None,0,79,0,79,0,142.16524180000033,,142.1584257000004,142.16524180000033,143.15103700000054,143.15799419999985,143.50063600000067,down,0,0.34489029999986087,None,0,Participant-1,"001",2025-09-05_16h11.49.447,signal_detection,,2025.2.0,134.71678490390195,2025-09-05 16h11.49.482441 +0530,
80,0,80,up,0,0.3101622000003772,None,-5,80,0,80,0,143.5075895,,143.50094239999999,143.5075895,144.49223810000058,144.49965340000017,144.80716230000053,up,0,0.3101622000003772,None,-5,Participant-1,"001",2025-09-05_16h11.49.447,signal_detection,,2025.2.0,134.71678490390195,2025-09-05 16h11.49.482441 +0530,
81,0,81,up,0,0.5149764999996478,None,-2,81,0,81,0,144.8144843,,144.80745780000052,144.8144843,145.8008722000004,145.8079343999998,146.32068250000066,up,0,0.5149764999996478,None,-2,Participant-1,"001",2025-09-05_16h11.49.447,signal_detection,,2025.2.0,134.71678490390195,2025-09-05 16h11.49.482441 +0530,
82,0,82,up,0,0.32639710000057676,None,2,82,0,82,0,146.32821830000012,,146.32113730000037,146.32821830000012,147.31482490000053,147.32233170000018,147.6421280000004,up,0,0.32639710000057676,None,2,Participant-1,"001",2025-09-05_16h11.49.447,signal_detection,,2025.2.0,134.71678490390195,2025-09-05 16h11.49.482441 +0530,
83,0,83,down,0,0.3455797000005987,None,0,83,0,83,0,147.64893480000046,,147.64238139999998,147.64893480000046,148.6323714,148.63979370000015,148.98001160000058,down,0,0.3455797000005987,None,0,Participant-1,"001",2025-09-05_16h11.49.447,signal_detection,,2025.2.0,134.71678490390195,2025-09-05 16h11.49.482441 +0530,
84,0,84,up,0,1.1602935999999318,None,3,84,0,84,0,148.9872974,,148.98028840000006,148.9872974,149.97638890000053,149.98445940000056,151.13971350000065,up,0,1.1602935999999318,None,3,Participant-1,"001",2025-09-05_16h11.49.447,signal_detection,,2025.2.0,134.71678490390195,2025-09-05 16h11.49.482441 +0530,
85,0,85,up,1,1.380756399999882,None,0,85,0,85,0,151.1463703999998,,151.13996450000013,151.1463703999998,152.13157870000032,152.13901420000002,153.51333390000036,up,1,1.380756399999882,None,0,Participant-1,"001",2025-09-05_16h11.49.447,signal_detection,,2025.2.0,134.71678490390195,2025-09-05 16h11.49.482441 +0530,
86,0,86,down,1,5.272681399999783,None,-2,86,0,86,0,153.5193048000001,,153.51357460000054,153.5193048000001,154.5515886000003,154.5515886000003,159.83225409999977,down,1,5.272681399999783,None,-2,Participant-1,"001",2025-09-05_16h11.49.447,signal_detection,,2025.2.0,134.71678490390195,2025-09-05 16h11.49.482441 +0530,
87,0,87,down,0,2.3765166000002864,None,0,87,0,87,0,159.83926969999993,,159.83258600000045,159.83926969999993,160.82520720000048,160.83348639999986,163.21005810000042,down,0,2.3765166000002864,None,0,Participant-1,"001",2025-09-05_16h11.49.447,signal_detection,,2025.2.0,134.71678490390195,2025-09-05 16h11.49.482441 +0530,
88,0,88,up,1,1.7538391999996747,None,0,88,0,88,0,163.2179672000002,,163.21038080000017,163.2179672000002,164.2042720999998,164.2112588,165.96022650000032,up,1,1.7538391999996747,None,0,Participant-1,"001",2025-09-05_16h11.49.447,signal_detection,,2025.2.0,134.71678490390195,2025-09-05 16h11.49.482441 +0530,
89,0,89,up,1,0.02937169999950129,None,0,89,0,89,0,165.96806910000032,,165.96045700000013,165.96806910000032,166.95213830000012,166.96004650000032,166.98221170000033,up,1,0.02937169999950129,None,0,Participant-1,"001",2025-09-05_16h11.49.447,signal_detection,,2025.2.0,134.71678490390195,2025-09-05 16h11.49.482441 +0530,
90,0,90,up,0,1.2626968000004126,None,4,90,0,90,0,166.98940180000045,,166.98264160000053,166.98940180000045,167.97316740000042,167.98054670000056,169.23670910000055,up,0,1.2626968000004126,None,4,Participant-1,"001",2025-09-05_16h11.49.447,signal_detection,,2025.2.0,134.71678490390195,2025-09-05 16h11.49.482441 +0530,
91,0,91,up,1,0.022769100000004983,None,0,91,0,91,0,169.2440284000004,,169.23702420000063,169.2440284000004,170.2275424999998,170.2351131000005,170.25076669999999,up,1,0.022769100000004983,None,0,Participant-1,"001",2025-09-05_16h11.49.447,signal_detection,,2025.2.0,134.71678490390195,2025-09-05 16h11.49.482441 +0530,
92,0,92,down,0,0.5597587000002022,None,0,92,0,92,0,170.25797740000053,,170.2510325000003,170.25797740000053,171.24785210000027,171.25527779999993,171.81189499999982,down,0,0.5597587000002022,None,0,Participant-1,"001",2025-09-05_16h11.49.447,signal_detection,,2025.2.0,134.71678490390195,2025-09-05 16h11.49.482441 +0530,
93,0,93,up,1,0.4297064999991562,None,0,93,0,93,0,171.8193613000003,,171.8123187000001,171.8193613000003,172.80387119999978,172.81080030000066,173.23694820000037,up,1,0.4297064999991562,None,0,Participant-1,"001",2025-09-05_16h11.49.447,signal_detection,,2025.2.0,134.71678490390195,2025-09-05 16h11.49.482441 +0530,
94,0,94,up,1,0.4007267999995747,None,0,94,0,94,0,173.24402960000043,,173.2372876999998,173.24402960000043,174.2299922000002,174.23746500000016,174.63269170000058,up,1,0.4007267999995747,None,0,Participant-1,"001",2025-09-05_16h11.49.447,signal_detection,,2025.2.0,134.71678490390195,2025-09-05 16h11.49.482441 +0530,
95,0,95,up,1,0.3666054000004806,None,0,95,0,95,0,174.64075890000004,,174.63301860000047,174.64075890000004,175.62411340000017,175.63113969999995,175.99785789999987,up,1,0.3666054000004806,None,0,Participant-1,"001",2025-09-05_16h11.49.447,signal_detection,,2025.2.0,134.71678490390195,2025-09-05 16h11.49.482441 +0530,
96,0,96,up,1,0.2750114999998914,None,0,96,0,96,0,176.00471759999982,,175.9981889999999,176.00471759999982,176.99177380000037,176.99912760000007,177.27030259999992,up,1,0.2750114999998914,None,0,Participant-1,"001",2025-09-05_16h11.49.447,signal_detection,,2025.2.0,134.71678490390195,2025-09-05 16h11.49.482441 +0530,
97,0,97,up,0,0.5054853000001458,None,4,97,0,97,0,177.2773373,,177.27060059999985,177.2773373,178.2650024000004,178.27223109999977,178.77560679999988,up,0,0.5054853000001458,None,4,Participant-1,"001",2025-09-05_16h11.49.447,signal_detection,,2025.2.0,134.71678490390195,2025-09-05 16h11.49.482441 +0530,
98,0,98,up,1,0.35979109999971115,None,0,98,0,98,0,178.78326370000013,,178.77600410000014,178.78326370000013,179.76772359999995,179.7746520999999,180.13193480000064,up,1,0.35979109999971115,None,0,Participant-1,"001",2025-09-05_16h11.49.447,signal_detection,,2025.2.0,134.71678490390195,2025-09-05 16h11.49.482441 +0530,
99,0,99,up,1,0.44910520000030374,None,0,99,0,99,0,180.14049590000013,,180.1322680000003,180.14049590000013,181.12730370000008,181.1345326999999,181.58286270000008,up,1,0.44910520000030374,None,0,Participant-1,"001",2025-09-05_16h11.49.447,signal_detection,,2025.2.0,134.71678490390195,2025-09-05 16h11.49.482441 +0530,
