stair.thisTrialN,stair.stepSize,stair.intensity,thisRow.t,notes,trial.started,fixation.started,fixation.stopped,grating.started,key_resp.started,grating.stopped,trial.stopped,corrAns,tilt,key_resp.corr,stair.response,key_resp.rt,participant,session,date,expName,expVersion,psychopyVersion,frameRate,expStart,
0,2,10.0,0.022943599999962316,,0.016232599999966624,0.022943599999962316,0.49528289999989283,0.49528289999989283,0.49528289999989283,0.788050199999816,2.635753899999827,left,-10.0,1,1,2.0699419000000034,Subject 1,"001",2025-09-02_14h00.31.563,adaptive_staircase,,2025.2.0,143.77835129366915,2025-09-02 14h00.31.596897 +0530,
1,2,8.0,2.6408299999998235,,2.6358981999999287,2.6408299999998235,3.1272110999998404,3.1272110999998404,3.1272110999998404,3.4196084000000155,3.4815455999998903,left,-8.0,1,1,0.3467786999999589,Subject 1,"001",2025-09-02_14h00.31.563,adaptive_staircase,,2025.2.0,143.77835129366915,2025-09-02 14h00.31.596897 +0530,
2,2,6.0,3.4877458999999362,,3.4816717999999582,3.4877458999999362,3.9743641999998545,3.9743641999998545,3.9743641999998545,4.265899399999853,4.398257199999989,right,6.0,1,1,0.4214575999999397,Subject 1,"001",2025-09-02_14h00.31.563,adaptive_staircase,,2025.2.0,143.77835129366915,2025-09-02 14h00.31.596897 +0530,
3,2,4.0,4.404437299999927,,4.398377099999834,4.404437299999927,4.890632799999821,4.890632799999821,4.890632799999821,5.182135899999821,5.26584089999983,left,-4.0,1,1,0.3710522999999739,Subject 1,"001",2025-09-02_14h00.31.563,adaptive_staircase,,2025.2.0,143.77835129366915,2025-09-02 14h00.31.596897 +0530,
4,2,2.0,5.273241499999813,,5.2659607999999025,5.273241499999813,5.758895299999949,5.758895299999949,5.758895299999949,6.050585299999966,7.196641399999862,left,-2.0,1,1,1.4315903000001526,Subject 1,"001",2025-09-02_14h00.31.563,adaptive_staircase,,2025.2.0,143.77835129366915,2025-09-02 14h00.31.596897 +0530,
5,1,1.0,7.203277500000013,,7.196755999999823,7.203277500000013,7.689488999999867,7.689488999999867,7.689488999999867,7.981348599999819,8.411741199999824,right,1.0,0,0,0.7183540999999423,Subject 1,"001",2025-09-02_14h00.31.563,adaptive_staircase,,2025.2.0,143.77835129366915,2025-09-02 14h00.31.596897 +0530,
6,1,2.0,8.418247699999938,,8.411861799999997,8.418247699999938,8.904841099999885,8.904841099999885,8.904841099999885,9.195911699999897,9.745121100000006,right,2.0,1,1,0.839950300000055,Subject 1,"001",2025-09-02_14h00.31.563,adaptive_staircase,,2025.2.0,143.77835129366915,2025-09-02 14h00.31.596897 +0530,
7,1,2.0,9.751558400000022,,9.745263099999875,9.751558400000022,10.237641999999823,10.237641999999823,10.237641999999823,10.529708199999959,10.704084599999987,left,-2.0,1,1,0.46423870000012357,Subject 1,"001",2025-09-02_14h00.31.563,adaptive_staircase,,2025.2.0,143.77835129366915,2025-09-02 14h00.31.596897 +0530,
8,1,2.0,10.70996389999982,,10.704200599999922,10.70996389999982,11.196439499999997,11.196439499999997,11.196439499999997,11.488248199999816,11.633684799999855,right,2.0,1,1,0.43190130000016325,Subject 1,"001",2025-09-02_14h00.31.563,adaptive_staircase,,2025.2.0,143.77835129366915,2025-09-02 14h00.31.596897 +0530,
9,1,1.0,11.640866199999891,,11.633810699999913,11.640866199999891,12.12697479999997,12.12697479999997,12.12697479999997,12.418327299999874,12.662494999999808,right,1.0,1,1,0.5338512000000719,Subject 1,"001",2025-09-02_14h00.31.563,adaptive_staircase,,2025.2.0,143.77835129366915,2025-09-02 14h00.31.596897 +0530,
10,1,1.0,12.66821589999995,,12.662620199999992,12.66821589999995,13.154632900000024,13.154632900000024,13.154632900000024,13.445845299999974,13.91839529999993,right,1.0,1,1,0.7584509999999227,Subject 1,"001",2025-09-02_14h00.31.563,adaptive_staircase,,2025.2.0,143.77835129366915,2025-09-02 14h00.31.596897 +0530,
11,1,1.0,13.92546789999983,,13.918511799999806,13.92546789999983,14.411309500000016,14.411309500000016,14.411309500000016,,14.612982799999827,right,1.0,1,1,0.19592569999986154,Subject 1,"001",2025-09-02_14h00.31.563,adaptive_staircase,,2025.2.0,143.77835129366915,2025-09-02 14h00.31.596897 +0530,
12,1,1.0,14.61991039999998,,14.613101099999994,14.61991039999998,15.105709100000013,15.105709100000013,15.105709100000013,15.397125699999833,15.52994949999993,right,1.0,1,1,0.42064780000009705,Subject 1,"001",2025-09-02_14h00.31.563,adaptive_staircase,,2025.2.0,143.77835129366915,2025-09-02 14h00.31.596897 +0530,
13,1,1.0,15.536692599999924,,15.530061299999943,15.536692599999924,16.022642700000006,16.022642700000006,16.022642700000006,16.31426579999993,16.66129879999994,right,1.0,1,1,0.6346413000001121,Subject 1,"001",2025-09-02_14h00.31.563,adaptive_staircase,,2025.2.0,143.77835129366915,2025-09-02 14h00.31.596897 +0530,
14,1,1.0,16.6684444,,16.66142089999994,16.6684444,17.1542144,17.1542144,17.1542144,17.445995599999833,17.973812599999974,left,-1.0,1,1,0.8157367999999678,Subject 1,"001",2025-09-02_14h00.31.563,adaptive_staircase,,2025.2.0,143.77835129366915,2025-09-02 14h00.31.596897 +0530,
15,1,1.0,17.980507699999862,,17.97393339999985,17.980507699999862,18.46687209999982,18.46687209999982,18.46687209999982,18.75836349999986,19.33497239999997,right,1.0,1,1,0.8637908999999127,Subject 1,"001",2025-09-02_14h00.31.563,adaptive_staircase,,2025.2.0,143.77835129366915,2025-09-02 14h00.31.596897 +0530,
16,1,1.0,19.341720199999827,,19.335122199999887,19.341720199999827,19.828131399999847,19.828131399999847,19.828131399999847,20.119380099999944,20.516183399999818,right,1.0,1,1,0.686740699999973,Subject 1,"001",2025-09-02_14h00.31.563,adaptive_staircase,,2025.2.0,143.77835129366915,2025-09-02 14h00.31.596897 +0530,
17,1,1.0,20.52265609999995,,20.51630329999989,20.52265609999995,21.008972200000017,21.008972200000017,21.008972200000017,21.300245799999857,21.891288499999973,right,1.0,1,1,0.8807438000001184,Subject 1,"001",2025-09-02_14h00.31.563,adaptive_staircase,,2025.2.0,143.77835129366915,2025-09-02 14h00.31.596897 +0530,
18,0.5,1.0,21.897118499999806,,21.891408199999887,21.897118499999806,22.383267400000022,22.383267400000022,22.383267400000022,22.67490889999999,23.133537199999864,left,-1.0,0,0,0.7431000999999924,Subject 1,"001",2025-09-02_14h00.31.563,adaptive_staircase,,2025.2.0,143.77835129366915,2025-09-02 14h00.31.596897 +0530,
19,0.5,1.5,23.14056819999996,,23.133692399999973,23.14056819999996,23.627489699999842,23.627489699999842,23.627489699999842,23.918320099999846,24.355687699999862,right,1.5,1,1,0.7244568000000982,Subject 1,"001",2025-09-02_14h00.31.563,adaptive_staircase,,2025.2.0,143.77835129366915,2025-09-02 14h00.31.596897 +0530,
20,0.5,1.5,24.362907899999982,,24.355840699999817,24.362907899999982,24.848817599999848,24.848817599999848,24.848817599999848,25.140123799999856,25.584619299999986,right,1.5,0,0,0.732086900000013,Subject 1,"001",2025-09-02_14h00.31.563,adaptive_staircase,,2025.2.0,143.77835129366915,2025-09-02 14h00.31.596897 +0530,
21,0.5,2.0,25.592479899999944,,25.584773899999846,25.592479899999944,26.078013399999918,26.078013399999918,26.078013399999918,26.369670999999926,26.557142799999838,right,2.0,0,0,0.4774268999999549,Subject 1,"001",2025-09-02_14h00.31.563,adaptive_staircase,,2025.2.0,143.77835129366915,2025-09-02 14h00.31.596897 +0530,
22,0.5,2.5,26.56364050000002,,26.55726579999987,26.56364050000002,27.04985889999989,27.04985889999989,27.04985889999989,27.34182029999988,27.717286599999852,left,-2.5,1,1,0.6666957999998431,Subject 1,"001",2025-09-02_14h00.31.563,adaptive_staircase,,2025.2.0,143.77835129366915,2025-09-02 14h00.31.596897 +0530,
23,0.5,2.5,27.72314110000002,,27.71739989999992,27.72314110000002,28.20973570000001,28.20973570000001,28.20973570000001,28.501975700000003,28.793287899999996,right,2.5,0,0,0.5810040999999728,Subject 1,"001",2025-09-02_14h00.31.563,adaptive_staircase,,2025.2.0,143.77835129366915,2025-09-02 14h00.31.596897 +0530,
24,0.5,3.0,28.800324099999898,,28.793412699999863,28.800324099999898,29.286064399999987,29.286064399999987,29.286064399999987,29.57747049999989,29.96728179999991,left,-3.0,1,1,0.6772225999998227,Subject 1,"001",2025-09-02_14h00.31.563,adaptive_staircase,,2025.2.0,143.77835129366915,2025-09-02 14h00.31.596897 +0530,
25,0.5,3.0,29.973170199999913,,29.967394599999807,29.973170199999913,30.459888699999965,30.459888699999965,30.459888699999965,30.751466100000016,31.376641899999868,left,-3.0,1,1,0.9106959999999162,Subject 1,"001",2025-09-02_14h00.31.563,adaptive_staircase,,2025.2.0,143.77835129366915,2025-09-02 14h00.31.596897 +0530,
26,0.5,3.0,31.382842600000004,,31.37675249999984,31.382842600000004,31.869383599999992,31.869383599999992,31.869383599999992,32.160944900000004,32.25137959999984,left,-3.0,1,1,0.3786528000000544,Subject 1,"001",2025-09-02_14h00.31.563,adaptive_staircase,,2025.2.0,143.77835129366915,2025-09-02 14h00.31.596897 +0530,
27,0.5,2.5,32.258342500000026,,32.25152259999982,32.258342500000026,32.744220999999925,32.744220999999925,32.744220999999925,33.03570179999997,33.0705997,right,2.5,1,1,0.3212511000001541,Subject 1,"001",2025-09-02_14h00.31.563,adaptive_staircase,,2025.2.0,143.77835129366915,2025-09-02 14h00.31.596897 +0530,
28,0.5,2.5,33.0779086,,33.07072040000003,33.0779086,33.56437199999982,33.56437199999982,33.56437199999982,33.85610869999982,34.303364599999895,left,-2.5,0,0,0.7380192000000534,Subject 1,"001",2025-09-02_14h00.31.563,adaptive_staircase,,2025.2.0,143.77835129366915,2025-09-02 14h00.31.596897 +0530,
29,0.5,3.0,34.31558649999988,,34.30350609999982,34.31558649999988,34.79409969999983,34.79409969999983,34.79409969999983,35.08569949999992,35.543454599999905,right,3.0,1,1,0.7480651000000762,Subject 1,"001",2025-09-02_14h00.31.563,adaptive_staircase,,2025.2.0,143.77835129366915,2025-09-02 14h00.31.596897 +0530,
30,0.5,3.0,35.54959399999984,,35.54357429999982,35.54959399999984,36.03615059999993,36.03615059999993,36.03615059999993,36.327264399999876,36.60627149999982,left,-3.0,0,0,0.5696671000000606,Subject 1,"001",2025-09-02_14h00.31.563,adaptive_staircase,,2025.2.0,143.77835129366915,2025-09-02 14h00.31.596897 +0530,
31,0.5,3.5,36.61209999999983,,36.60639949999995,36.61209999999983,37.099058199999945,37.099058199999945,37.099058199999945,37.390246899999966,37.73744459999989,right,3.5,0,0,0.633207000000084,Subject 1,"001",2025-09-02_14h00.31.563,adaptive_staircase,,2025.2.0,143.77835129366915,2025-09-02 14h00.31.596897 +0530,
32,0.5,4.0,37.7444782,,37.73756289999983,37.7444782,38.23066159999985,38.23066159999985,38.23066159999985,38.52248489999988,38.66881279999984,right,4.0,0,0,0.4362321000000975,Subject 1,"001",2025-09-02_14h00.31.563,adaptive_staircase,,2025.2.0,143.77835129366915,2025-09-02 14h00.31.596897 +0530,
33,0.5,4.5,38.674592200000006,,38.66892849999999,38.674592200000006,39.16103599999997,39.16103599999997,39.16103599999997,39.45237399999996,39.744450700000016,right,4.5,0,0,0.5787451000001056,Subject 1,"001",2025-09-02_14h00.31.563,adaptive_staircase,,2025.2.0,143.77835129366915,2025-09-02 14h00.31.596897 +0530,
34,0.5,5.0,39.750958299999866,,39.74456609999993,39.750958299999866,40.23744539999984,40.23744539999984,40.23744539999984,,40.39060759999984,right,5.0,0,0,0.15141769999991084,Subject 1,"001",2025-09-02_14h00.31.563,adaptive_staircase,,2025.2.0,143.77835129366915,2025-09-02 14h00.31.596897 +0530,
35,0.5,5.5,40.39718199999993,,40.39072169999986,40.39718199999993,40.898541699999896,40.898541699999896,40.898541699999896,41.19150659999991,41.289362900000015,right,5.5,0,0,0.3896287999998549,Subject 1,"001",2025-09-02_14h00.31.563,adaptive_staircase,,2025.2.0,143.77835129366915,2025-09-02 14h00.31.596897 +0530,
36,0.5,6.0,41.3022755999998,,41.28953309999997,41.3022755999998,41.78073889999996,41.78073889999996,41.78073889999996,42.070343200000025,42.26542069999982,right,6.0,0,0,0.47710029999984727,Subject 1,"001",2025-09-02_14h00.31.563,adaptive_staircase,,2025.2.0,143.77835129366915,2025-09-02 14h00.31.596897 +0530,
37,0.5,6.5,42.27180750000002,,42.265569899999946,42.27180750000002,42.75791570000001,42.75791570000001,42.75791570000001,43.050081799999816,43.091494699999885,right,6.5,0,0,0.3293183000000681,Subject 1,"001",2025-09-02_14h00.31.563,adaptive_staircase,,2025.2.0,143.77835129366915,2025-09-02 14h00.31.596897 +0530,
38,0.5,7.0,43.09831989999998,,43.09163719999992,43.09831989999998,43.58430039999985,43.58430039999985,43.58430039999985,43.87618859999998,44.459393599999885,left,-7.0,1,1,0.8711106999999174,Subject 1,"001",2025-09-02_14h00.31.563,adaptive_staircase,,2025.2.0,143.77835129366915,2025-09-02 14h00.31.596897 +0530,
39,0.5,7.0,44.466083000000026,,44.459513300000026,44.466083000000026,44.952721799999836,44.952721799999836,44.952721799999836,,45.19558659999984,right,7.0,0,0,0.24054809999984172,Subject 1,"001",2025-09-02_14h00.31.563,adaptive_staircase,,2025.2.0,143.77835129366915,2025-09-02 14h00.31.596897 +0530,
40,0.5,7.5,45.202599499999906,,45.19571099999985,45.202599499999906,45.68845049999982,45.68845049999982,45.68845049999982,45.980068399999936,46.06352029999994,left,-7.5,1,1,0.37057320000008076,Subject 1,"001",2025-09-02_14h00.31.563,adaptive_staircase,,2025.2.0,143.77835129366915,2025-09-02 14h00.31.596897 +0530,
41,0.5,7.5,46.07072529999982,,46.063637799999924,46.07072529999982,46.55631870000002,46.55631870000002,46.55631870000002,46.847954999999956,46.94541159999994,left,-7.5,0,0,0.3886363999999958,Subject 1,"001",2025-09-02_14h00.31.563,adaptive_staircase,,2025.2.0,143.77835129366915,2025-09-02 14h00.31.596897 +0530,
42,0.5,8.0,46.952583199999935,,46.94559959999992,46.952583199999935,47.447215599999936,47.447215599999936,47.447215599999936,47.736568399999896,48.04271010000002,right,8.0,0,0,0.5899785999999949,Subject 1,"001",2025-09-02_14h00.31.563,adaptive_staircase,,2025.2.0,143.77835129366915,2025-09-02 14h00.31.596897 +0530,
43,0.5,8.5,48.04925529999991,,48.042858199999955,48.04925529999991,48.535409699999946,48.535409699999946,48.535409699999946,48.827722300000005,48.972987299999886,left,-8.5,1,1,0.4315791999999874,Subject 1,"001",2025-09-02_14h00.31.563,adaptive_staircase,,2025.2.0,143.77835129366915,2025-09-02 14h00.31.596897 +0530,
44,0.5,8.5,48.98035699999991,,48.973102100000006,48.98035699999991,49.46594099999993,49.46594099999993,49.46594099999993,49.75775009999984,50.02250600000002,right,8.5,0,0,0.5545764999999392,Subject 1,"001",2025-09-02_14h00.31.563,adaptive_staircase,,2025.2.0,143.77835129366915,2025-09-02 14h00.31.596897 +0530,
45,0.5,9.0,50.02888259999986,,50.02262729999984,50.02888259999986,50.51460569999995,50.51460569999995,50.51460569999995,50.80597130000001,51.93126280000001,right,9.0,1,1,1.4131519999998545,Subject 1,"001",2025-09-02_14h00.31.563,adaptive_staircase,,2025.2.0,143.77835129366915,2025-09-02 14h00.31.596897 +0530,
46,0.5,9.0,51.938515699999925,,51.9313881999999,51.938515699999925,52.42399929999988,52.42399929999988,52.42399929999988,,52.612381899999946,left,-9.0,0,0,0.18238069999983963,Subject 1,"001",2025-09-02_14h00.31.563,adaptive_staircase,,2025.2.0,143.77835129366915,2025-09-02 14h00.31.596897 +0530,
47,0.5,9.5,52.61854819999985,,52.61249439999983,52.61854819999985,53.10610909999991,53.10610909999991,53.10610909999991,53.39812639999991,53.50901909999993,right,9.5,0,0,0.39684859999988475,Subject 1,"001",2025-09-02_14h00.31.563,adaptive_staircase,,2025.2.0,143.77835129366915,2025-09-02 14h00.31.596897 +0530,
48,0.5,10.0,53.51581149999993,,53.50915620000001,53.51581149999993,54.000438299999814,54.000438299999814,54.000438299999814,,54.216536700000006,right,10.0,1,1,0.2132469000000583,Subject 1,"001",2025-09-02_14h00.31.563,adaptive_staircase,,2025.2.0,143.77835129366915,2025-09-02 14h00.31.596897 +0530,
49,0.5,10.0,54.222774099999924,,54.216658299999835,54.222774099999924,54.70885969999995,54.70885969999995,54.70885969999995,55.00174179999999,55.009142299999894,right,10.0,1,1,0.29812109999988934,Subject 1,"001",2025-09-02_14h00.31.563,adaptive_staircase,,2025.2.0,143.77835129366915,2025-09-02 14h00.31.596897 +0530,
50,0.5,10.0,55.015576599999804,,55.0092924999999,55.015576599999804,55.50034229999983,55.50034229999983,55.50034229999983,55.792984499999875,55.87575649999985,left,-10.0,0,0,0.37229389999993145,Subject 1,"001",2025-09-02_14h00.31.563,adaptive_staircase,,2025.2.0,143.77835129366915,2025-09-02 14h00.31.596897 +0530,
51,0.5,10.5,55.88286259999995,,55.87587119999989,55.88286259999995,56.36893579999992,56.36893579999992,56.36893579999992,56.660049999999956,56.71652129999984,right,10.5,0,0,0.34570320000011634,Subject 1,"001",2025-09-02_14h00.31.563,adaptive_staircase,,2025.2.0,143.77835129366915,2025-09-02 14h00.31.596897 +0530,
52,0.5,11.0,56.722684999999956,,56.71664529999998,56.722684999999956,57.20929009999986,57.20929009999986,57.20929009999986,57.50070919999985,57.945109799999955,right,11.0,0,0,0.7317127000001165,Subject 1,"001",2025-09-02_14h00.31.563,adaptive_staircase,,2025.2.0,143.77835129366915,2025-09-02 14h00.31.596897 +0530,
53,0.5,11.5,57.95219580000003,,57.9452675,57.95219580000003,58.43786049999994,58.43786049999994,58.43786049999994,58.72954549999986,59.17452049999997,right,11.5,0,0,0.7346712999999454,Subject 1,"001",2025-09-02_14h00.31.563,adaptive_staircase,,2025.2.0,143.77835129366915,2025-09-02 14h00.31.596897 +0530,
54,0.5,12.0,59.181402400000024,,59.174640099999806,59.181402400000024,59.66719330000001,59.66719330000001,59.66719330000001,,59.84823329999995,right,12.0,0,0,0.17914690000020528,Subject 1,"001",2025-09-02_14h00.31.563,adaptive_staircase,,2025.2.0,143.77835129366915,2025-09-02 14h00.31.596897 +0530,
55,0.5,12.5,59.85451699999999,,59.84834839999985,59.85451699999999,60.34103549999986,60.34103549999986,60.34103549999986,,60.493999599999825,left,-12.5,1,1,0.14986799999996947,Subject 1,"001",2025-09-02_14h00.31.563,adaptive_staircase,,2025.2.0,143.77835129366915,2025-09-02 14h00.31.596897 +0530,
56,0.5,12.5,60.50076009999998,,60.49412849999999,60.50076009999998,60.98773419999998,60.98773419999998,60.98773419999998,61.27816209999992,61.3343640999999,right,12.5,0,0,0.3407932999998593,Subject 1,"001",2025-09-02_14h00.31.563,adaptive_staircase,,2025.2.0,143.77835129366915,2025-09-02 14h00.31.596897 +0530,
57,0.5,13.0,61.34094469999991,,61.334491899999875,61.34094469999991,61.82719279999992,61.82719279999992,61.82719279999992,,61.9249605,right,13.0,1,1,0.09617479999997158,Subject 1,"001",2025-09-02_14h00.31.563,adaptive_staircase,,2025.2.0,143.77835129366915,2025-09-02 14h00.31.596897 +0530,
58,0.5,13.0,61.93064229999982,,61.92507669999986,61.93064229999982,62.41717689999996,62.41717689999996,62.41717689999996,62.70874439999989,62.70248329999981,right,13.0,0,0,0.2784696000001077,Subject 1,"001",2025-09-02_14h00.31.563,adaptive_staircase,,2025.2.0,143.77835129366915,2025-09-02 14h00.31.596897 +0530,
59,0.5,13.5,62.70874439999989,,62.70259779999992,62.70874439999989,63.19479299999989,63.19479299999989,63.19479299999989,63.486764300000004,63.5428488,right,13.5,1,1,0.34068600000000515,Subject 1,"001",2025-09-02_14h00.31.563,adaptive_staircase,,2025.2.0,143.77835129366915,2025-09-02 14h00.31.596897 +0530,
60,0.5,13.5,63.54919699999982,,63.54296709999994,63.54919699999982,64.03494479999995,64.03494479999995,64.03494479999995,64.3267120999999,64.5498169,right,13.5,1,1,0.5074315999997907,Subject 1,"001",2025-09-02_14h00.31.563,adaptive_staircase,,2025.2.0,143.77835129366915,2025-09-02 14h00.31.596897 +0530,
61,0.5,13.5,64.55571269999996,,64.54993999999988,64.55571269999996,65.04251799999997,65.04251799999997,65.04251799999997,65.33347409999988,66.05701379999982,right,13.5,1,1,1.0139225000000351,Subject 1,"001",2025-09-02_14h00.31.563,adaptive_staircase,,2025.2.0,143.77835129366915,2025-09-02 14h00.31.596897 +0530,
62,0.5,13.0,66.0625344,,66.05716889999985,66.0625344,66.5488143,66.5488143,66.5488143,,66.77872919999982,left,-13.0,0,0,0.2244680999999673,Subject 1,"001",2025-09-02_14h00.31.563,adaptive_staircase,,2025.2.0,143.77835129366915,2025-09-02 14h00.31.596897 +0530,
63,0.5,13.5,66.78477120000002,,66.77888639999992,66.78477120000002,67.27104050000003,67.27104050000003,67.27104050000003,67.56249029999981,67.72323899999992,left,-13.5,0,0,0.45181830000001355,Subject 1,"001",2025-09-02_14h00.31.563,adaptive_staircase,,2025.2.0,143.77835129366915,2025-09-02 14h00.31.596897 +0530,
64,0.5,14.0,67.72940689999996,,67.72339190000002,67.72940689999996,68.21593139999982,68.21593139999982,68.21593139999982,68.50787439999999,68.59822569999983,right,14.0,0,0,0.3789725000001454,Subject 1,"001",2025-09-02_14h00.31.563,adaptive_staircase,,2025.2.0,143.77835129366915,2025-09-02 14h00.31.596897 +0530,
65,0.5,14.5,68.60469679999983,,68.59835369999996,68.60469679999983,69.09102199999984,69.09102199999984,69.09102199999984,69.38182619999998,69.40429999999992,right,14.5,1,1,0.3099474000000555,Subject 1,"001",2025-09-02_14h00.31.563,adaptive_staircase,,2025.2.0,143.77835129366915,2025-09-02 14h00.31.596897 +0530,
66,0.5,14.5,69.40983319999987,,69.40442229999985,69.40983319999987,69.89626929999986,69.89626929999986,69.89626929999986,70.18820189999997,70.22454259999995,left,-14.5,0,0,0.3276057000000492,Subject 1,"001",2025-09-02_14h00.31.563,adaptive_staircase,,2025.2.0,143.77835129366915,2025-09-02 14h00.31.596897 +0530,
67,0.5,15.0,70.23306319999983,,70.22470090000002,70.23306319999983,70.71549459999983,70.71549459999983,70.71549459999983,71.0069802999999,71.07018319999997,left,-15.0,1,1,0.3525160000001506,Subject 1,"001",2025-09-02_14h00.31.563,adaptive_staircase,,2025.2.0,143.77835129366915,2025-09-02 14h00.31.596897 +0530,
68,0.5,15.0,71.07665150000003,,71.07030569999984,71.07665150000003,71.5626178,71.5626178,71.5626178,71.85457580000002,71.95927879999999,right,15.0,0,0,0.3893760000000839,Subject 1,"001",2025-09-02_14h00.31.563,adaptive_staircase,,2025.2.0,143.77835129366915,2025-09-02 14h00.31.596897 +0530,
69,0.5,15.5,71.96543829999996,,71.95940009999981,71.96543829999996,72.45177739999986,72.45177739999986,72.45177739999986,72.74349759999996,72.81990999999994,right,15.5,1,1,0.3676959000001716,Subject 1,"001",2025-09-02_14h00.31.563,adaptive_staircase,,2025.2.0,143.77835129366915,2025-09-02 14h00.31.596897 +0530,
70,0.5,15.5,72.82686879999983,,72.82006109999998,72.82686879999983,73.31249219999995,73.31249219999995,73.31249219999995,73.60463929999992,73.79922399999987,right,15.5,1,1,0.4799030000001494,Subject 1,"001",2025-09-02_14h00.31.563,adaptive_staircase,,2025.2.0,143.77835129366915,2025-09-02 14h00.31.596897 +0530,
71,0.5,15.5,73.80566349999981,,73.79933779999988,73.80566349999981,74.29189739999993,74.29189739999993,74.29189739999993,74.58337589999996,74.64033699999982,right,15.5,1,1,0.3467880000000605,Subject 1,"001",2025-09-02_14h00.31.563,adaptive_staircase,,2025.2.0,143.77835129366915,2025-09-02 14h00.31.596897 +0530,
72,0.5,15.0,74.6459577999999,,74.6404513,74.6459577999999,75.13218280000001,75.13218280000001,75.13218280000001,75.42398989999992,75.46615780000002,right,15.0,1,1,0.33105669999986276,Subject 1,"001",2025-09-02_14h00.31.563,adaptive_staircase,,2025.2.0,143.77835129366915,2025-09-02 14h00.31.596897 +0530,
73,0.5,15.0,75.47226179999984,,75.46627259999991,75.47226179999984,75.9584903,75.9584903,75.9584903,,76.22988409999994,left,-15.0,0,0,0.2696184000001267,Subject 1,"001",2025-09-02_14h00.31.563,adaptive_staircase,,2025.2.0,143.77835129366915,2025-09-02 14h00.31.596897 +0530,
74,0.5,15.5,76.23592039999994,,76.23001950000003,76.23592039999994,76.7222268999999,76.7222268999999,76.7222268999999,,76.72982749999983,left,-15.5,1,1,0.0013768999999683729,Subject 1,"001",2025-09-02_14h00.31.563,adaptive_staircase,,2025.2.0,143.77835129366915,2025-09-02 14h00.31.596897 +0530,
75,0.5,15.5,76.73606569999993,,76.7299481,76.73606569999993,77.2222933999999,77.2222933999999,77.2222933999999,77.51412269999992,77.50785529999985,right,15.5,0,0,0.28491650000000845,Subject 1,"001",2025-09-02_14h00.31.563,adaptive_staircase,,2025.2.0,143.77835129366915,2025-09-02 14h00.31.596897 +0530,
76,0.5,16.0,77.51412269999992,,77.50797829999988,77.51412269999992,78.00046099999986,78.00046099999986,78.00046099999986,,78.27167289999988,left,-16.0,1,1,0.26948809999998957,Subject 1,"001",2025-09-02_14h00.31.563,adaptive_staircase,,2025.2.0,143.77835129366915,2025-09-02 14h00.31.596897 +0530,
77,0.5,16.0,78.2777478999999,,78.27180639999983,78.2777478999999,78.76372070000002,78.76372070000002,78.76372070000002,79.05538460000002,79.08358429999998,right,16.0,0,0,0.3175986000001103,Subject 1,"001",2025-09-02_14h00.31.563,adaptive_staircase,,2025.2.0,143.77835129366915,2025-09-02 14h00.31.596897 +0530,
78,0.5,16.5,79.09053249999988,,79.08375359999991,79.09053249999988,79.57631309999988,79.57631309999988,79.57631309999988,79.86876689999986,79.91704619999996,left,-16.5,1,1,0.33453380000014477,Subject 1,"001",2025-09-02_14h00.31.563,adaptive_staircase,,2025.2.0,143.77835129366915,2025-09-02 14h00.31.596897 +0530,
79,0.5,16.5,79.92361499999993,,79.91716839999981,79.92361499999993,80.40999079999983,80.40999079999983,80.40999079999983,80.70166299999983,80.74430859999984,right,16.5,1,1,0.3309724999999162,Subject 1,"001",2025-09-02_14h00.31.563,adaptive_staircase,,2025.2.0,143.77835129366915,2025-09-02 14h00.31.596897 +0530,
80,0.5,16.5,80.74966380000001,,80.74442639999984,80.74966380000001,81.23638859999983,81.23638859999983,81.23638859999983,81.52808119999986,81.5348727999999,right,16.5,0,0,0.29337379999992663,Subject 1,"001",2025-09-02_14h00.31.563,adaptive_staircase,,2025.2.0,143.77835129366915,2025-09-02 14h00.31.596897 +0530,
81,0.5,17.0,81.54160830000001,,81.53498779999995,81.54160830000001,82.02783079999995,82.02783079999995,82.02783079999995,,82.20143559999997,right,17.0,1,1,0.16986560000009376,Subject 1,"001",2025-09-02_14h00.31.563,adaptive_staircase,,2025.2.0,143.77835129366915,2025-09-02 14h00.31.596897 +0530,
82,0.5,17.0,82.20855899999992,,82.20154759999991,82.20855899999992,82.69429159999981,82.69429159999981,82.69429159999981,82.98645529999999,83.0071226,left,-17.0,0,0,0.31118910000009237,Subject 1,"001",2025-09-02_14h00.31.563,adaptive_staircase,,2025.2.0,143.77835129366915,2025-09-02 14h00.31.596897 +0530,
83,0.5,17.5,83.01375769999981,,83.00724639999999,83.01375769999981,83.5002144,83.5002144,83.5002144,,83.68105749999995,left,-17.5,1,1,0.17583980000017618,Subject 1,"001",2025-09-02_14h00.31.563,adaptive_staircase,,2025.2.0,143.77835129366915,2025-09-02 14h00.31.596897 +0530,
84,0.5,17.5,83.68731669999988,,83.68118269999991,83.68731669999988,84.17368269999997,84.17368269999997,84.17368269999997,,84.27849339999989,right,17.5,0,0,0.09763280000015584,Subject 1,"001",2025-09-02_14h00.31.563,adaptive_staircase,,2025.2.0,143.77835129366915,2025-09-02 14h00.31.596897 +0530,
85,0.5,18.0,84.28492059999985,,84.27860709999982,84.28492059999985,84.77108079999994,84.77108079999994,84.77108079999994,85.06252899999981,85.12551749999989,right,18.0,0,0,0.3506913999999597,Subject 1,"001",2025-09-02_14h00.31.563,adaptive_staircase,,2025.2.0,143.77835129366915,2025-09-02 14h00.31.596897 +0530,
86,0.5,18.5,85.13200189999998,,85.12564350000002,85.13200189999998,85.6178097999998,85.6178097999998,85.6178097999998,85.9097898,85.9586311999999,right,18.5,1,1,0.33899539999993067,Subject 1,"001",2025-09-02_14h00.31.563,adaptive_staircase,,2025.2.0,143.77835129366915,2025-09-02 14h00.31.596897 +0530,
87,0.5,18.5,85.96543550000001,,85.95875019999994,85.96543550000001,86.45120689999999,86.45120689999999,86.45120689999999,86.74312529999997,86.87483359999987,right,18.5,1,1,0.41938230000005206,Subject 1,"001",2025-09-02_14h00.31.563,adaptive_staircase,,2025.2.0,143.77835129366915,2025-09-02 14h00.31.596897 +0530,
88,0.5,18.5,86.88212139999996,,86.87495719999993,86.88212139999996,87.3678633999998,87.3678633999998,87.3678633999998,87.65940019999994,87.74338599999987,left,-18.5,0,0,0.368599500000073,Subject 1,"001",2025-09-02_14h00.31.563,adaptive_staircase,,2025.2.0,143.77835129366915,2025-09-02 14h00.31.596897 +0530,
89,0.5,19.0,87.74983869999983,,87.74353699999983,87.74983869999983,88.23591869999996,88.23591869999996,88.23591869999996,88.52826349999987,88.68115209999996,left,-19.0,1,1,0.4435710000000199,Subject 1,"001",2025-09-02_14h00.31.563,adaptive_staircase,,2025.2.0,143.77835129366915,2025-09-02 14h00.31.596897 +0530,
90,0.5,19.0,88.68709999999987,,88.68127659999982,88.68709999999987,89.17412459999991,89.17412459999991,89.17412459999991,,89.43728009999995,right,19.0,1,1,0.2608260000001792,Subject 1,"001",2025-09-02_14h00.31.563,adaptive_staircase,,2025.2.0,143.77835129366915,2025-09-02 14h00.31.596897 +0530,
91,0.5,19.0,89.44441039999992,,89.43739219999998,89.44441039999992,89.93020249999995,89.93020249999995,89.93020249999995,,90.13275060000001,right,19.0,0,0,0.20032029999993028,Subject 1,"001",2025-09-02_14h00.31.563,adaptive_staircase,,2025.2.0,143.77835129366915,2025-09-02 14h00.31.596897 +0530,
92,0.5,19.5,90.13859909999996,,90.13288390000002,90.13859909999996,90.62506749999989,90.62506749999989,90.62506749999989,90.91675369999984,91.05529460000002,right,19.5,0,0,0.42693819999999505,Subject 1,"001",2025-09-02_14h00.31.563,adaptive_staircase,,2025.2.0,143.77835129366915,2025-09-02 14h00.31.596897 +0530,
93,0.5,20.0,91.06219339999984,,91.05542339999988,91.06219339999984,91.54827579999983,91.54827579999983,91.54827579999983,91.84097589999988,91.8749307999999,left,-20.0,1,1,0.3230794999999489,Subject 1,"001",2025-09-02_14h00.31.563,adaptive_staircase,,2025.2.0,143.77835129366915,2025-09-02 14h00.31.596897 +0530,
94,0.5,20.0,91.88193179999985,,91.87507570000002,91.88193179999985,92.36813859999984,92.36813859999984,92.36813859999984,92.65999349999993,92.74384739999982,left,-20.0,1,1,0.36828459999992447,Subject 1,"001",2025-09-02_14h00.31.563,adaptive_staircase,,2025.2.0,143.77835129366915,2025-09-02 14h00.31.596897 +0530,
95,0.5,20.0,92.74959089999993,,92.74396419999994,92.74959089999993,93.23670459999994,93.23670459999994,93.23670459999994,93.52827109999998,93.61919289999992,left,-20.0,1,1,0.37589600000001155,Subject 1,"001",2025-09-02_14h00.31.563,adaptive_staircase,,2025.2.0,143.77835129366915,2025-09-02 14h00.31.596897 +0530,
96,0.5,19.5,93.62535819999994,,93.61931849999996,93.62535819999994,94.11157279999998,94.11157279999998,94.11157279999998,94.40307589999998,94.42406299999993,left,-19.5,1,1,0.3074728999999934,Subject 1,"001",2025-09-02_14h00.31.563,adaptive_staircase,,2025.2.0,143.77835129366915,2025-09-02 14h00.31.596897 +0530,
97,0.5,19.5,94.43158159999984,,94.42418079999993,94.43158159999984,94.9168365999999,94.9168365999999,94.9168365999999,95.20815700000003,95.28484589999994,left,-19.5,1,1,0.3614313000000493,Subject 1,"001",2025-09-02_14h00.31.563,adaptive_staircase,,2025.2.0,143.77835129366915,2025-09-02 14h00.31.596897 +0530,
98,0.5,19.5,95.2915622999999,,95.28495829999997,95.2915622999999,95.7778874999999,95.7778874999999,95.7778874999999,,95.9928868999998,right,19.5,0,0,0.21259749999990163,Subject 1,"001",2025-09-02_14h00.31.563,adaptive_staircase,,2025.2.0,143.77835129366915,2025-09-02 14h00.31.596897 +0530,
99,0.5,20.0,95.9999292,,95.9930139999999,95.9999292,96.48597159999986,96.48597159999986,96.48597159999986,96.77769449999982,96.8127113999999,left,-20.0,1,1,0.32091190000005554,Subject 1,"001",2025-09-02_14h00.31.563,adaptive_staircase,,2025.2.0,143.77835129366915,2025-09-02 14h00.31.596897 +0530,
